Time [s];Position [mm];Force [N]
0;0;59,570312
0,001;0,004;59,570312
0,002;0,014;60,058594
0,003;0,037;60,058594
0,004;0,068;60,546875
0,005;0,1;60,546875
0,006;0,1;61,035156
0,007;0,127;61,035156
0,008;0,155;61,523438
0,009;0,18;61,523438
0,01;0,206;61,523438
0,011;0,206;61,523438
0,012;0,233;61,523438
0,013;0,264;62,011719
0,014;0,298;62,011719
0,015;0,332;62,011719
0,016;0,37;62,5
0,017;0,412;62,988281
0,018;0,412;62,988281
0,019;0,453;62,988281
0,02;0,494;62,988281
0,021;0,535;62,5
0,022;0,576;63,476562
0,023;0,619;63,476562
0,024;0,619;63,964844
0,025;0,665;63,964844
0,026;0,716;63,964844
0,027;0,766;63,964844
0,028;0,818;63,964844
0,029;0,818;63,964844
0,03;0,87;64,941406
0,031;0,919;63,964844
0,032;0,969;64,453125
0,033;1,018;65,429688
0,034;1,067;65,429688
0,035;1,12;65,429688
0,036;1,12;65,429688
0,037;1,173;65,917969
0,038;1,228;65,917969
0,039;1,284;65,429688
0,04;1,339;65,429688
0,041;1,391;65,917969
0,042;1,391;65,917969
0,043;1,441;65,917969
0,044;1,492;66,40625
0,045;1,543;66,40625
0,046;1,595;66,40625
0,047;1,595;66,894531
0,048;1,65;66,894531
0,049;1,707;66,894531
0,05;1,765;66,894531
0,051;1,822;66,894531
0,052;1,877;67,871094
0,053;1,931;66,894531
0,054;1,931;67,871094
0,055;1,984;67,382812
0,056;2,038;67,871094
0,057;2,092;67,871094
0,058;2,148;67,871094
0,059;2,148;67,871094
0,06;2,205;68,359375
0,061;2,263;68,359375
0,062;2,322;68,847656
0,063;2,38;68,359375
0,064;2,437;68,359375
0,065;2,437;68,847656
0,066;2,491;68,847656
0,067;2,546;69,335938
0,068;2,601;68,847656
0,069;2,658;69,335938
0,07;2,716;69,335938
0,071;2,716;69,824219
0,072;2,775;69,335938
0,073;2,834;69,824219
0,074;2,892;69,824219
0,075;2,951;69,824219
0,076;3,007;69,824219
0,077;3,007;69,824219
0,078;3,064;69,824219
0,079;3,12;70,3125
0,08;3,177;70,3125
0,081;3,236;70,800781
0,082;3,294;70,3125
0,083;3,355;70,800781
0,084;3,355;70,800781
0,085;3,414;70,800781
0,086;3,474;70,800781
0,087;3,532;70,800781
0,088;3,588;70,800781
0,089;3,588;71,289062
0,09;3,645;71,289062
0,091;3,704;71,289062
0,092;3,764;71,289062
0,093;3,825;71,777344
0,094;3,887;71,777344
0,095;3,887;71,777344
0,096;3,947;71,777344
0,097;4,005;71,777344
0,098;4,067;72,753906
0,099;4,125;72,265625
0,1;4,185;71,777344
0,101;4,185;72,265625
0,102;4,243;72,265625
0,103;4,303;72,265625
0,104;4,364;72,753906
0,105;4,423;72,753906
0,106;4,484;73,730469
0,107;4,484;72,753906
0,108;4,543;72,753906
0,109;4,604;73,242188
0,11;4,665;72,753906
0,111;4,724;73,242188
0,112;4,782;73,242188
0,113;4,782;73,242188
0,114;4,839;73,242188
0,115;4,898;73,730469
0,116;4,96;74,21875
0,117;5,02;73,730469
0,118;5,081;73,730469
0,119;5,081;73,730469
0,12;5,142;74,21875
0,121;5,202;74,707031
0,122;5,263;74,21875
0,123;5,321;74,707031
0,124;5,38;74,21875
0,125;5,38;74,21875
0,126;5,438;74,21875
0,127;5,497;74,707031
0,128;5,559;74,707031
0,129;5,619;74,707031
0,13;5,679;74,707031
0,131;5,679;74,707031
0,132;5,74;75,195312
0,133;5,8;75,195312
0,134;5,86;75,683594
0,135;5,919;75,195312
0,136;5,977;75,683594
0,137;5,978;75,683594
0,138;6,039;76,171875
0,139;6,099;75,683594
0,14;6,16;75,683594
0,141;6,221;75,683594
0,142;6,221;75,683594
0,143;6,282;76,171875
0,144;6,341;76,660156
0,145;6,4;76,171875
0,146;6,46;76,171875
0,147;6,52;77,148438
0,148;6,52;77,148438
0,149;6,579;77,148438
0,15;6,64;76,660156
0,151;6,701;77,148438
0,152;6,763;76,660156
0,153;6,826;76,660156
0,154;6,826;77,148438
0,155;6,886;77,636719
0,156;6,947;78,125
0,157;7,007;77,148438
0,158;7,066;77,148438
0,159;7,066;77,148438
0,16;7,125;77,636719
0,161;7,186;77,636719
0,162;7,249;77,636719
0,163;7,31;77,636719
0,164;7,372;77,636719
0,165;7,372;77,636719
0,166;7,431;77,636719
0,167;7,49;78,125
0,168;7,552;78,125
0,169;7,611;77,636719
0,17;7,671;78,125
0,171;7,671;78,125
0,172;7,73;78,125
0,173;7,792;78,125
0,174;7,855;78,125
0,175;7,916;78,613281
0,176;7,977;78,613281
0,177;7,977;78,613281
0,178;8,038;79,101562
0,179;8,097;78,613281
0,18;8,157;78,613281
0,181;8,217;79,101562
0,182;8,276;78,613281
0,183;8,276;79,101562
0,184;8,336;78,613281
0,185;8,395;79,101562
0,186;8,457;79,101562
0,187;8,517;78,613281
0,188;8,575;78,613281
0,189;8,575;79,101562
0,19;8,635;79,589844
0,191;8,695;79,101562
0,192;8,756;79,101562
0,193;8,813;79,589844
0,194;8,874;79,101562
0,195;8,874;79,101562
0,196;8,934;79,589844
0,197;8,995;79,101562
0,198;9,052;79,101562
0,199;9,104;79,101562
0,2;9,145;79,101562
0,201;9,145;79,101562
0,202;9,175;79,589844
0,203;9,194;78,613281
0,204;9,202;83,496094
0,205;9,204;79,101562
0,206;9,206;79,101562
0,207;9,206;79,589844
0,208;9,214;79,101562
0,209;9,227;79,589844
0,21;9,24;79,101562
0,211;9,249;79,101562
0,212;9,25;79,101562
0,213;9,25;79,101562
0,214;9,246;79,101562
0,215;9,235;79,589844
0,216;9,212;79,101562
0,217;9,184;79,589844
0,218;9,158;79,101562
0,219;9,158;79,101562
0,22;9,139;79,101562
0,221;9,126;79,101562
0,222;9,11;79,101562
0,223;9,088;79,101562
0,224;9,061;79,101562
0,225;9,061;79,589844
0,226;9,025;79,589844
0,227;8,985;79,101562
0,228;8,944;79,101562
0,229;8,905;78,613281
0,23;8,905;79,101562
0,231;8,873;79,101562
0,232;8,844;79,101562
0,233;8,815;79,101562
0,234;8,78;79,101562
0,235;8,74;79,101562
0,236;8,74;79,101562
0,237;8,695;78,613281
0,238;8,642;79,101562
0,239;8,585;78,613281
0,24;8,531;79,101562
0,241;8,482;79,101562
0,242;8,482;78,613281
0,243;8,439;78,613281
0,244;8,396;78,613281
0,245;8,354;78,613281
0,246;8,306;79,589844
0,247;8,257;78,613281
0,248;8,201;78,613281
0,249;8,201;78,613281
0,25;8,142;78,125
0,251;8,084;78,613281
0,252;8,026;78,613281
0,253;7,975;78,125
0,254;7,975;79,101562
0,255;7,926;78,125
0,256;7,878;78,125
0,257;7,828;78,125
0,258;7,775;78,125
0,259;7,72;78,125
0,26;7,72;78,125
0,261;7,661;78,125
0,262;7,601;78,125
0,263;7,543;78,613281
0,264;7,488;77,636719
0,265;7,437;77,636719
0,266;7,437;78,613281
0,267;7,387;77,636719
0,268;7,335;77,636719
0,269;7,281;77,636719
0,27;7,224;77,148438
0,271;7,167;77,636719
0,272;7,167;78,613281
0,273;7,107;77,636719
0,274;7,047;77,148438
0,275;6,988;77,148438
0,276;6,933;77,636719
0,277;6,881;77,148438
0,278;6,881;77,148438
0,279;6,826;78,125
0,28;6,769;76,660156
0,281;6,712;77,636719
0,282;6,654;77,148438
0,283;6,595;77,148438
0,284;6,595;76,660156
0,285;6,535;77,148438
0,286;6,474;76,660156
0,287;6,417;76,660156
0,288;6,363;76,171875
0,289;6,36;77,636719
0,29;6,307;76,660156
0,291;6,249;76,660156
0,292;6,192;76,660156
0,293;6,131;77,148438
0,294;6,071;76,171875
0,295;6,071;76,171875
0,296;6,011;76,171875
0,297;5,951;76,660156
0,298;5,891;76,171875
0,299;5,834;76,171875
0,3;5,777;75,683594
0,301;5,777;75,683594
0,302;5,719;76,171875
0,303;5,661;75,195312
0,304;5,6;75,683594
0,305;5,54;75,683594
0,306;5,48;75,683594
0,307;5,48;75,195312
0,308;5,422;75,195312
0,309;5,363;75,683594
0,31;5,303;75,195312
0,311;5,245;75,683594
0,312;5,186;75,195312
0,313;5,186;75,195312
0,314;5,129;75,195312
0,315;5,07;75,195312
0,316;5,011;74,707031
0,317;4,951;75,195312
0,318;4,891;74,707031
0,319;4,891;74,707031
0,32;4,832;74,707031
0,321;4,771;74,21875
0,322;4,709;74,21875
0,323;4,65;74,21875
0,324;4,592;74,21875
0,325;4,592;74,21875
0,326;4,533;74,21875
0,327;4,474;73,730469
0,328;4,414;73,730469
0,329;4,354;73,730469
0,33;4,294;74,21875
0,331;4,294;73,730469
0,332;4,233;73,242188
0,333;4,172;73,242188
0,334;4,113;73,730469
0,335;4,052;73,242188
0,336;4,052;73,242188
0,337;3,992;72,753906
0,338;3,934;72,753906
0,339;3,872;73,242188
0,34;3,811;72,753906
0,341;3,811;72,265625
0,342;3,751;72,265625
0,343;3,691;72,265625
0,344;3,63;72,265625
0,345;3,571;71,777344
0,346;3,512;72,265625
0,347;3,512;71,289062
0,348;3,454;71,289062
0,349;3,396;71,289062
0,35;3,336;71,289062
0,351;3,276;70,800781
0,352;3,215;70,800781
0,353;3,215;71,289062
0,354;3,155;70,3125
0,355;3,094;70,3125
0,356;3,032;69,824219
0,357;2,973;69,824219
0,358;2,914;69,824219
0,359;2,914;69,824219
0,36;2,856;69,824219
0,361;2,797;69,335938
0,362;2,734;69,335938
0,363;2,671;68,847656
0,364;2,61;68,847656
0,365;2,61;68,359375
0,366;2,55;68,359375
0,367;2,489;68,359375
0,368;2,429;68,359375
0,369;2,371;68,847656
0,37;2,371;67,871094
0,371;2,312;67,871094
0,372;2,252;67,871094
0,373;2,192;67,382812
0,374;2,13;67,382812
0,375;2,069;67,382812
0,376;2,069;68,359375
0,377;2,008;67,382812
0,378;1,947;67,382812
0,379;1,887;66,894531
0,38;1,828;66,894531
0,381;1,768;66,894531
0,382;1,768;66,894531
0,383;1,709;66,894531
0,384;1,65;66,894531
0,385;1,59;66,894531
0,386;1,53;67,382812
0,387;1,467;66,894531
0,388;1,467;66,894531
0,389;1,408;66,894531
0,39;1,348;66,40625
0,391;1,289;66,894531
0,392;1,229;66,894531
0,393;1,171;66,894531
0,394;1,171;66,894531
0,395;1,171;66,894531
0,396;1,171;66,894531
0,397;1,171;66,894531
0,398;1,171;66,894531
0,399;1,171;67,382812
0,4;1,171;66,894531
0,401;1,171;66,894531
0,402;0,766;67,382812
0,403;0,722;70,800781
0,404;0,722;66,894531
0,405;0,683;66,894531
0,406;0,647;67,382812
0,407;0,615;67,382812
0,408;0,591;67,871094
0,409;0,573;66,894531
0,41;0,573;67,382812
0,411;0,562;67,382812
0,412;0,555;67,382812
0,413;0,551;67,871094
0,414;0,549;67,382812
0,415;0,549;67,871094
0,416;0,549;67,382812
0,417;0,549;67,871094
0,418;0,549;67,871094
0,419;0,552;67,871094
0,42;0,56;67,871094
0,421;0,573;67,871094
0,422;0,593;67,871094
0,423;0,593;67,871094
0,424;0,616;67,871094
0,425;0,641;67,871094
0,426;0,665;67,871094
0,427;0,69;68,359375
0,428;0,714;68,359375
0,429;0,714;68,359375
0,43;0,74;68,359375
0,431;0,771;68,847656
0,432;0,804;68,359375
0,433;0,84;68,359375
0,434;0,873;68,359375
0,435;0,873;68,359375
0,436;0,907;69,335938
0,437;0,945;68,847656
0,438;0,982;69,824219
0,439;1,019;69,335938
0,44;1,06;68,847656
0,441;1,06;68,847656
0,442;1,104;68,847656
0,443;1,148;69,335938
0,444;1,195;69,335938
0,445;1,244;69,335938
0,446;1,293;69,335938
0,447;1,341;69,335938
0,448;1,341;69,335938
0,449;1,388;68,847656
0,45;1,436;69,335938
0,451;1,484;69,824219
0,452;1,533;69,824219
0,453;1,584;69,335938
0,454;1,584;69,824219
0,455;1,637;70,3125
0,456;1,691;69,824219
0,457;1,746;69,824219
0,458;1,801;69,824219
0,459;1,854;70,3125
0,46;1,854;69,824219
0,461;1,907;70,3125
0,462;1,959;69,824219
0,463;2,013;70,3125
0,464;2,066;70,800781
0,465;2,066;70,3125
0,466;2,119;70,3125
0,467;2,175;70,800781
0,468;2,234;70,800781
0,469;2,29;73,730469
0,47;2,29;70,800781
0,471;2,345;70,800781
0,472;2,399;71,777344
0,473;2,453;70,800781
0,474;2,508;71,289062
0,475;2,564;71,289062
0,476;2,618;71,289062
0,477;2,618;71,289062
0,478;2,676;71,289062
0,479;2,733;71,777344
0,48;2,791;71,289062
0,481;2,848;71,777344
0,482;2,905;71,777344
0,483;2,905;72,265625
0,484;2,961;71,777344
0,485;3,017;71,777344
0,486;3,073;74,707031
0,487;3,13;72,265625
0,488;3,188;72,265625
0,489;3,188;71,777344
0,49;3,247;72,265625
0,491;3,305;72,265625
0,492;3,365;72,265625
0,493;3,422;72,753906
0,494;3,479;72,265625
0,495;3,479;72,753906
0,496;3,535;72,753906
0,497;3,59;72,265625
0,498;3,649;72,753906
0,499;3,707;72,753906
0,5;3,73;72,753906
0,501;3,766;72,753906
0,502;3,824;72,753906
0,503;3,884;73,242188
0,504;3,944;73,242188
0,505;4,003;73,242188
0,506;4,003;73,242188
0,507;4,061;73,242188
0,508;4,119;73,242188
0,509;4,178;73,242188
0,51;4,238;73,730469
0,511;4,297;73,730469
0,512;4,297;73,730469
0,513;4,357;73,730469
0,514;4,415;73,730469
0,515;4,475;73,730469
0,516;4,534;74,21875
0,517;4,554;73,730469
0,518;4,593;74,21875
0,519;4,651;73,730469
0,52;4,71;74,21875
0,521;4,769;74,707031
0,522;4,83;74,707031
0,523;4,83;74,707031
0,524;4,89;74,707031
0,525;4,949;74,707031
0,526;5,01;74,707031
0,527;5,069;74,707031
0,528;5,129;74,707031
0,529;5,188;74,707031
0,53;5,188;75,195312
0,531;5,248;75,195312
0,532;5,306;75,195312
0,533;5,365;75,195312
0,534;5,425;75,195312
0,535;5,484;75,683594
0,536;5,484;75,683594
0,537;5,544;75,683594
0,538;5,603;75,683594
0,539;5,663;75,683594
0,54;5,723;75,683594
0,541;5,783;75,683594
0,542;5,783;76,171875
0,543;5,842;76,171875
0,544;5,901;76,660156
0,545;5,962;76,171875
0,546;6,021;76,171875
0,547;6,081;76,171875
0,548;6,081;76,171875
0,549;6,14;76,660156
0,55;6,2;76,660156
0,551;6,26;76,660156
0,552;6,321;77,148438
0,553;6,379;76,660156
0,554;6,379;77,148438
0,555;6,438;77,148438
0,556;6,498;77,148438
0,557;6,558;76,660156
0,558;6,617;77,636719
0,559;6,676;77,148438
0,56;6,676;77,148438
0,561;6,737;79,589844
0,562;6,797;77,636719
0,563;6,858;77,636719
0,564;6,919;77,636719
0,565;6,981;77,636719
0,566;6,981;78,125
0,567;7,04;78,613281
0,568;7,099;78,125
0,569;7,159;78,125
0,57;7,219;78,613281
0,571;7,28;78,125
0,572;7,28;78,613281
0,573;7,339;80,566406
0,574;7,399;78,613281
0,575;7,46;78,613281
0,576;7,52;78,613281
0,577;7,578;78,613281
0,578;7,578;79,101562
0,579;7,638;78,613281
0,58;7,699;78,125
0,581;7,76;78,613281
0,582;7,82;78,613281
0,583;7,88;78,613281
0,584;7,88;78,613281
0,585;7,943;78,613281
0,586;8,003;79,101562
0,587;8,064;79,101562
0,588;8,123;79,101562
0,589;8,183;79,101562
0,59;8,183;79,101562
0,591;8,243;79,101562
0,592;8,304;79,101562
0,593;8,369;79,589844
0,594;8,43;79,101562
0,595;8,43;79,101562
0,596;8,49;79,101562
0,597;8,548;79,101562
0,598;8,609;79,101562
0,599;8,67;79,101562
0,6;8,729;79,101562
0,601;8,729;79,589844
0,602;8,789;79,101562
0,603;8,848;79,589844
0,604;8,91;80,078125
0,605;8,972;79,101562
0,606;9,031;79,589844
0,607;9,031;79,589844
0,608;9,084;79,589844
0,609;9,129;79,589844
0,61;9,164;79,589844
0,611;9,186;79,589844
0,612;9,198;79,589844
0,613;9,198;79,589844
0,614;9,202;79,589844
0,615;9,204;81,542969
0,616;9,209;80,566406
0,617;9,221;79,589844
0,618;9,221;79,589844
0,619;9,233;79,101562
0,62;9,243;79,589844
0,621;9,247;79,589844
0,622;9,246;79,589844
0,623;9,236;83,984375
0,624;9,218;79,589844
0,625;9,218;79,589844
0,626;9,191;79,589844
0,627;9,164;79,589844
0,628;9,142;79,589844
0,629;9,128;79,589844
0,63;9,114;79,589844
0,631;9,114;79,589844
0,632;9,094;79,101562
0,633;9,071;79,589844
0,634;9,037;79,589844
0,635;8,998;80,078125
0,636;8,957;80,078125
0,637;8,957;79,101562
0,638;8,917;79,101562
0,639;8,883;79,101562
0,64;8,852;79,101562
0,641;8,823;82,03125
0,642;8,79;79,101562
0,643;8,79;79,101562
0,644;8,753;79,101562
0,645;8,709;79,101562
0,646;8,661;79,101562
0,647;8,608;79,101562
0,648;8,608;79,101562
0,649;8,553;78,613281
0,65;8,501;79,101562
0,651;8,455;78,613281
0,652;8,413;78,613281
0,653;8,368;79,101562
0,654;8,368;78,613281
0,655;8,324;78,125
0,656;8,275;78,613281
0,657;8,222;78,125
0,658;8,164;78,613281
0,659;8,105;78,613281
0,66;8,048;79,101562
0,661;8,048;78,613281
0,662;7,993;78,613281
0,663;7,943;78,613281
0,664;7,895;78,613281
0,665;7,848;78,125
0,666;7,796;78,125
0,667;7,796;79,589844
0,668;7,742;78,125
0,669;7,686;78,125
0,67;7,627;77,636719
0,671;7,568;78,125
0,672;7,568;78,125
0,673;7,512;77,636719
0,674;7,459;78,125
0,675;7,409;77,636719
0,676;7,359;78,125
0,677;7,307;77,636719
0,678;7,251;77,636719
0,679;7,195;77,636719
0,68;7,195;77,636719
0,681;7,137;77,636719
0,682;7,078;77,636719
0,683;7,016;77,636719
0,684;6,989;77,636719
0,685;6,959;77,636719
0,686;6,906;77,148438
0,687;6,851;77,148438
0,688;6,794;77,148438
0,689;6,737;77,148438
0,69;6,737;77,148438
0,691;6,68;77,148438
0,692;6,621;77,148438
0,693;6,561;77,148438
0,694;6,499;76,660156
0,695;6,441;76,660156
0,696;6,441;76,660156
0,697;6,385;76,660156
0,698;6,33;76,660156
0,699;6,274;76,660156
0,7;6,216;76,171875
0,701;6,158;76,171875
0,702;6,158;76,171875
0,703;6,1;77,636719
0,704;6,039;76,171875
0,705;5,978;76,171875
0,706;5,919;76,660156
0,707;5,861;76,171875
0,708;5,861;76,171875
0,709;5,803;76,171875
0,71;5,744;75,683594
0,711;5,686;75,683594
0,712;5,628;76,171875
0,713;5,571;75,683594
0,714;5,571;75,683594
0,715;5,511;75,683594
0,716;5,45;76,171875
0,717;5,391;75,683594
0,718;5,332;75,195312
0,719;5,274;75,195312
0,72;5,274;74,707031
0,721;5,215;75,195312
0,722;5,155;74,707031
0,723;5,094;74,707031
0,724;5,035;75,683594
0,725;5,035;74,707031
0,726;4,976;74,707031
0,727;4,916;74,707031
0,728;4,854;75,195312
0,729;4,793;74,707031
0,73;4,793;74,21875
0,731;4,734;75,195312
0,732;4,675;74,21875
0,733;4,615;74,707031
0,734;4,555;74,707031
0,735;4,495;74,21875
0,736;4,495;74,21875
0,737;4,436;73,730469
0,738;4,377;73,730469
0,739;4,316;73,730469
0,74;4,253;73,730469
0,741;4,193;73,242188
0,742;4,193;72,753906
0,743;4,133;73,242188
0,744;4,074;73,242188
0,745;4,014;73,242188
0,746;3,954;72,753906
0,747;3,895;72,753906
0,748;3,835;72,753906
0,749;3,835;72,753906
0,75;3,774;72,265625
0,751;3,714;72,265625
0,752;3,653;72,265625
0,753;3,593;72,265625
0,754;3,593;71,777344
0,755;3,534;71,289062
0,756;3,475;72,265625
0,757;3,417;71,289062
0,758;3,358;71,777344
0,759;3,3;71,289062
0,76;3,3;70,800781
0,761;3,239;70,800781
0,762;3,179;70,800781
0,763;3,117;70,3125
0,764;3,057;70,3125
0,765;2,997;70,3125
0,766;2,997;69,824219
0,767;2,938;69,824219
0,768;2,879;69,824219
0,769;2,82;69,335938
0,77;2,76;69,335938
0,771;2,7;68,847656
0,772;2,7;69,335938
0,773;2,639;69,335938
0,774;2,577;68,847656
0,775;2,517;68,359375
0,776;2,457;68,359375
0,777;2,457;67,871094
0,778;2,399;67,871094
0,779;2,341;67,871094
0,78;2,28;67,871094
0,781;2,221;67,871094
0,782;2,161;67,382812
0,783;2,1;67,871094
0,784;2,1;67,382812
0,785;2,04;67,382812
0,786;1,978;66,894531
0,787;1,919;67,382812
0,788;1,859;66,894531
0,789;1,8;66,894531
0,79;1,8;66,894531
0,791;1,74;66,894531
0,792;1,68;66,894531
0,793;1,619;66,894531
0,794;1,558;66,894531
0,795;1,528;66,894531
0,796;1,499;67,382812
0,797;1,44;66,894531
0,798;1,38;66,894531
0,799;1,321;66,894531
0,8;1,263;67,382812
0,801;1,263;66,894531
0,802;1,203;66,894531
0,803;1,144;66,894531
0,804;1,144;66,894531
0,805;1,144;71,289062
0,806;1,144;66,894531
0,807;1,144;66,894531
0,808;1,144;67,382812
0,809;1,144;66,894531
0,81;1,144;66,894531
0,811;0,743;66,894531
0,812;0,743;67,382812
0,813;0,703;66,894531
0,814;0,665;66,40625
0,815;0,63;67,382812
0,816;0,603;66,894531
0,817;0,582;67,871094
0,818;0,582;67,382812
0,819;0,57;67,871094
0,82;0,562;67,382812
0,821;0,558;67,871094
0,822;0,556;67,382812
0,823;0,554;67,382812
0,824;0,554;67,382812
0,825;0,554;67,382812
0,826;0,554;67,382812
0,827;0,554;67,382812
0,828;0,56;67,871094
0,829;0,571;67,871094
0,83;0,571;67,871094
0,831;0,589;67,871094
0,832;0,611;67,871094
0,833;0,636;67,871094
0,834;0,66;67,871094
0,835;0,683;67,871094
0,836;0,708;68,847656
0,837;0,708;68,359375
0,838;0,735;68,847656
0,839;0,764;68,359375
0,84;0,798;68,359375
0,841;0,833;68,359375
0,842;0,833;68,359375
0,843;0,866;68,359375
0,844;0,899;68,847656
0,845;0,935;68,359375
0,846;0,972;68,847656
0,847;1,008;68,847656
0,848;1,008;68,847656
0,849;1,047;68,847656
0,85;1,091;68,847656
0,851;1,136;68,847656
0,852;1,184;69,335938
0,853;1,232;68,847656
0,854;1,232;68,847656
0,855;1,281;69,335938
0,856;1,328;69,335938
0,857;1,374;69,824219
0,858;1,422;69,335938
0,859;1,47;69,824219
0,86;1,47;69,824219
0,861;1,52;69,824219
0,862;1,571;69,824219
0,863;1,623;69,824219
0,864;1,678;69,824219
0,865;1,733;69,824219
0,866;1,733;70,800781
0,867;1,787;69,824219
0,868;1,839;70,800781
0,869;1,891;70,3125
0,87;1,944;70,3125
0,871;1,996;70,3125
0,872;1,996;70,3125
0,873;2,05;70,3125
0,874;2,103;70,3125
0,875;2,159;70,3125
0,876;2,217;70,800781
0,877;2,273;70,800781
0,878;2,273;70,800781
0,879;2,327;70,800781
0,88;2,38;70,800781
0,881;2,434;71,289062
0,882;2,488;70,800781
0,883;2,544;71,289062
0,884;2,544;71,289062
0,885;2,599;70,800781
0,886;2,656;71,289062
0,887;2,714;71,289062
0,888;2,771;71,289062
0,889;2,829;71,777344
0,89;2,829;71,777344
0,891;2,885;71,777344
0,892;2,942;71,777344
0,893;3;71,777344
0,894;3,057;72,265625
0,895;3,114;71,777344
0,896;3,114;71,777344
0,897;3,17;72,265625
0,898;3,231;72,265625
0,899;3,29;72,265625
0,9;3,348;72,265625
0,901;3,404;72,265625
0,902;3,404;72,265625
0,903;3,461;72,265625
0,904;3,518;72,753906
0,905;3,574;72,753906
0,906;3,631;72,753906
0,907;3,689;72,753906
0,908;3,689;72,753906
0,909;3,749;72,753906
0,91;3,807;73,242188
0,911;3,866;73,242188
0,912;3,925;73,242188
0,913;3,981;73,242188
0,914;3,981;73,242188
0,915;4,04;73,242188
0,916;4,097;73,242188
0,917;4,156;73,730469
0,918;4,215;73,730469
0,919;4,276;73,730469
0,92;4,276;73,730469
0,921;4,335;73,730469
0,922;4,396;73,730469
0,923;4,458;73,730469
0,924;4,517;74,21875
0,925;4,517;74,21875
0,926;4,575;74,21875
0,927;4,633;74,21875
0,928;4,695;74,21875
0,929;4,754;74,21875
0,93;4,813;74,707031
0,931;4,813;74,707031
0,932;4,873;74,707031
0,933;4,933;75,195312
0,934;4,975;74,21875
0,935;5,01;74,707031
0,936;5,073;74,707031
0,937;5,133;74,707031
0,938;5,193;75,195312
0,939;5,259;74,707031
0,94;5,259;75,195312
0,941;5,32;76,171875
0,942;5,381;75,683594
0,943;5,442;75,683594
0,944;5,503;75,683594
0,945;5,503;75,683594
0,946;5,562;75,195312
0,947;5,62;76,660156
0,948;5,681;76,171875
0,949;5,741;75,683594
0,95;5,801;76,171875
0,951;5,801;75,683594
0,952;5,861;75,683594
0,953;5,921;77,148438
0,954;5,982;76,171875
0,955;6,044;76,171875
0,956;6,044;76,660156
0,957;6,103;76,171875
0,958;6,164;76,660156
0,959;6,225;76,660156
0,96;6,287;77,148438
0,961;6,349;76,660156
0,962;6,349;76,660156
0,963;6,408;77,148438
0,964;6,467;77,636719
0,965;6,527;77,148438
0,966;6,588;77,148438
0,967;6,647;77,148438
0,968;6,647;77,148438
0,969;6,708;77,148438
0,97;6,769;77,636719
0,971;6,829;77,636719
0,972;6,891;77,636719
0,973;6,953;77,636719
0,974;6,953;77,636719
0,975;7,013;77,636719
0,976;7,074;77,636719
0,977;7,134;78,125
0,978;7,194;78,125
0,979;7,255;78,125
0,98;7,255;78,125
0,981;7,314;78,125
0,982;7,374;78,125
0,983;7,436;78,125
0,984;7,497;78,613281
0,985;7,557;78,613281
0,986;7,557;78,613281
0,987;7,617;78,613281
0,988;7,679;78,613281
0,989;7,74;78,613281
0,99;7,8;78,613281
0,991;7,8;78,613281
0,992;7,861;79,101562
0,993;7,921;79,101562
0,994;7,984;79,101562
0,995;8,044;79,101562
0,996;8,044;79,101562
0,997;8,104;79,101562
0,998;8,165;79,101562
0,999;8,227;78,613281
1;8,288;79,101562
1,001;8,348;79,589844
1,002;8,348;79,589844
1,003;8,407;79,101562
1,004;8,467;79,101562
1,005;8,527;79,101562
1,006;8,587;79,589844
1,007;8,648;79,101562
1,008;8,648;79,589844
1,009;8,708;79,589844
1,01;8,769;79,101562
1,011;8,83;79,589844
1,012;8,893;79,589844
1,013;8,893;80,078125
1,014;8,957;79,589844
1,015;9,017;79,589844
1,016;9,072;79,589844
1,017;9,12;79,589844
1,018;9,155;79,589844
1,019;9,155;79,589844
1,02;9,18;79,589844
1,021;9,194;80,566406
1,022;9,2;79,589844
1,023;9,202;79,101562
1,024;9,208;80,566406
1,025;9,208;79,589844
1,026;9,219;79,589844
1,027;9,232;79,589844
1,028;9,242;79,589844
1,029;9,246;79,589844
1,03;9,245;79,589844
1,031;9,245;79,589844
1,032;9,237;80,078125
1,033;9,22;79,589844
1,034;9,194;79,589844
1,035;9,168;79,589844
1,036;9,147;79,101562
1,037;9,147;79,589844
1,038;9,132;79,589844
1,039;9,118;79,589844
1,04;9,099;79,589844
1,041;9,075;79,589844
1,042;9,042;79,101562
1,043;9,004;79,589844
1,044;9,004;79,589844
1,045;8,964;79,589844
1,046;8,923;79,589844
1,047;8,889;79,101562
1,048;8,859;79,101562
1,049;8,859;79,101562
1,05;8,83;79,101562
1,051;8,799;79,101562
1,052;8,761;79,101562
1,053;8,713;78,613281
1,054;8,665;79,589844
1,055;8,665;79,101562
1,056;8,612;79,101562
1,057;8,557;79,101562
1,058;8,504;79,101562
1,059;8,459;78,613281
1,06;8,459;79,101562
1,061;8,417;79,101562
1,062;8,375;78,613281
1,063;8,329;78,613281
1,064;8,278;78,613281
1,065;8,224;78,613281
1,066;8,166;78,613281
1,067;8,166;78,613281
1,068;8,107;78,613281
1,069;8,05;78,613281
1,07;7,996;79,101562
1,071;7,946;78,125
1,072;7,946;78,613281
1,073;7,898;79,101562
1,074;7,849;78,613281
1,075;7,797;78,125
1,076;7,74;78,125
1,077;7,684;78,125
1,078;7,684;78,125
1,079;7,625;78,613281
1,08;7,566;78,125
1,081;7,51;78,125
1,082;7,457;78,125
1,083;7,445;77,636719
1,084;7,408;77,636719
1,085;7,357;77,636719
1,086;7,303;77,636719
1,087;7,248;77,636719
1,088;7,19;77,636719
1,089;7,132;77,636719
1,09;7,132;77,636719
1,091;7,072;77,636719
1,092;7,013;77,636719
1,093;6,955;78,125
1,094;6,901;77,148438
1,095;6,847;77,148438
1,096;6,847;76,660156
1,097;6,792;77,636719
1,098;6,735;77,148438
1,099;6,676;77,148438
1,1;6,617;77,148438
1,101;6,617;77,148438
1,102;6,557;77,148438
1,103;6,497;77,148438
1,104;6,438;76,660156
1,105;6,383;76,660156
1,106;6,327;76,660156
1,107;6,327;76,660156
1,108;6,27;76,660156
1,109;6,214;76,660156
1,11;6,153;76,171875
1,111;6,094;76,660156
1,112;6,094;76,171875
1,113;6,034;75,683594
1,114;5,974;76,171875
1,115;5,916;76,171875
1,116;5,857;76,171875
1,117;5,8;76,171875
1,118;5,8;76,171875
1,119;5,741;75,683594
1,12;5,682;75,683594
1,121;5,623;75,683594
1,122;5,564;75,683594
1,123;5,504;75,683594
1,124;5,504;76,171875
1,125;5,445;75,683594
1,126;5,387;76,171875
1,127;5,327;75,683594
1,128;5,269;75,195312
1,129;5,21;76,171875
1,13;5,21;75,683594
1,131;5,154;74,707031
1,132;5,094;75,195312
1,133;5,033;74,707031
1,134;4,973;74,707031
1,135;4,913;75,195312
1,136;4,913;74,707031
1,137;4,854;74,707031
1,138;4,793;74,21875
1,139;4,733;74,707031
1,14;4,672;74,21875
1,141;4,613;74,21875
1,142;4,554;74,21875
1,143;4,554;74,21875
1,144;4,495;73,730469
1,145;4,438;74,21875
1,146;4,378;73,730469
1,147;4,318;74,21875
1,148;4,257;73,730469
1,149;4,257;73,242188
1,15;4,196;73,730469
1,151;4,136;73,242188
1,152;4,076;73,242188
1,153;4,017;73,242188
1,154;4,017;72,753906
1,155;3,959;72,753906
1,156;3,9;72,753906
1,157;3,841;72,753906
1,158;3,781;72,753906
1,159;3,723;72,265625
1,16;3,723;72,265625
1,161;3,663;72,265625
1,162;3,604;74,21875
1,163;3,544;72,753906
1,164;3,485;71,777344
1,165;3,427;71,777344
1,166;3,369;71,777344
1,167;3,369;71,289062
1,168;3,31;70,800781
1,169;3,25;70,800781
1,17;3,189;70,800781
1,171;3,127;70,800781
1,172;3,067;70,3125
1,173;3,067;69,824219
1,174;3,006;70,3125
1,175;2,946;70,3125
1,176;2,886;69,824219
1,177;2,827;69,824219
1,178;2,827;69,335938
1,179;2,768;69,335938
1,18;2,709;68,847656
1,181;2,65;68,847656
1,182;2,588;68,847656
1,183;2,528;68,359375
1,184;2,528;72,753906
1,185;2,467;71,289062
1,186;2,406;67,871094
1,187;2,347;67,871094
1,188;2,289;67,871094
1,189;2,23;67,871094
1,19;2,23;67,382812
1,191;2,17;67,871094
1,192;2,109;67,382812
1,193;2,044;67,382812
1,194;1,983;66,894531
1,195;1,983;66,894531
1,196;1,922;67,382812
1,197;1,863;66,894531
1,198;1,802;67,871094
1,199;1,743;66,894531
1,2;1,684;66,894531
1,201;1,684;66,894531
1,202;1,625;66,894531
1,203;1,566;66,894531
1,204;1,503;66,40625
1,205;1,443;66,894531
1,206;1,382;66,40625
1,207;1,382;66,894531
1,208;1,322;66,894531
1,209;1,263;66,894531
1,21;1,202;66,894531
1,211;1,144;66,894531
1,212;1,144;66,894531
1,213;1,144;66,894531
1,214;1,144;66,894531
1,215;1,144;66,894531
1,216;1,144;66,894531
1,217;1,144;66,40625
1,218;1,144;66,894531
1,219;1,144;66,894531
1,22;0,744;66,894531
1,221;0,705;66,894531
1,222;0,68;66,894531
1,223;0,668;67,382812
1,224;0,634;66,894531
1,225;0,605;67,871094
1,226;0,582;67,382812
1,227;0,569;67,382812
1,228;0,56;67,382812
1,229;0,56;67,382812
1,23;0,555;66,894531
1,231;0,552;67,382812
1,232;0,55;67,382812
1,233;0,55;67,382812
1,234;0,55;66,894531
1,235;0,55;67,871094
1,236;0,552;67,871094
1,237;0,558;67,871094
1,238;0,569;67,871094
1,239;0,586;68,359375
1,24;0,608;68,359375
1,241;0,608;67,871094
1,242;0,633;67,871094
1,243;0,657;67,871094
1,244;0,681;67,871094
1,245;0,706;68,359375
1,246;0,733;68,359375
1,247;0,733;68,359375
1,248;0,763;70,800781
1,249;0,796;68,359375
1,25;0,831;68,847656
1,251;0,864;68,359375
1,252;0,898;68,847656
1,253;0,898;68,847656
1,254;0,934;68,359375
1,255;0,972;68,847656
1,256;1,009;68,359375
1,257;1,049;68,847656
1,258;1,092;68,359375
1,259;1,092;68,847656
1,26;1,138;68,847656
1,261;1,184;68,847656
1,262;1,233;69,335938
1,263;1,283;69,335938
1,264;1,332;69,335938
1,265;1,332;69,824219
1,266;1,379;69,335938
1,267;1,426;69,824219
1,268;1,473;69,824219
1,269;1,522;69,824219
1,27;1,573;69,824219
1,271;1,573;69,824219
1,272;1,625;69,335938
1,273;1,678;69,824219
1,274;1,734;69,824219
1,275;1,788;69,824219
1,276;1,842;69,824219
1,277;1,842;69,824219
1,278;1,894;70,3125
1,279;1,946;70,3125
1,28;1,998;70,3125
1,281;2,051;70,3125
1,282;2,051;70,3125
1,283;2,104;70,3125
1,284;2,16;70,800781
1,285;2,217;70,800781
1,286;2,275;70,800781
1,287;2,331;71,777344
1,288;2,331;70,800781
1,289;2,385;70,800781
1,29;2,438;70,800781
1,291;2,491;71,289062
1,292;2,546;71,777344
1,293;2,601;71,289062
1,294;2,601;71,289062
1,295;2,657;71,289062
1,296;2,715;71,289062
1,297;2,771;75,195312
1,298;2,831;71,289062
1,299;2,887;71,777344
1,3;2,887;71,777344
1,301;2,944;71,777344
1,302;2,999;71,777344
1,303;3,054;71,777344
1,304;3,111;71,777344
1,305;3,169;71,777344
1,306;3,169;73,242188
1,307;3,228;72,265625
1,308;3,288;72,265625
1,309;3,346;72,265625
1,31;3,404;72,265625
1,311;3,461;72,753906
1,312;3,518;72,265625
1,313;3,518;72,753906
1,314;3,572;74,707031
1,315;3,629;72,753906
1,316;3,688;72,753906
1,317;3,747;72,753906
1,318;3,747;72,753906
1,319;3,806;72,753906
1,32;3,866;73,242188
1,321;3,925;73,242188
1,322;3,984;73,242188
1,323;4,041;73,730469
1,324;4,041;74,21875
1,325;4,099;73,242188
1,326;4,158;74,21875
1,327;4,217;73,730469
1,328;4,277;73,730469
1,329;4,336;73,730469
1,33;4,336;73,730469
1,331;4,394;73,730469
1,332;4,455;73,730469
1,333;4,513;73,730469
1,334;4,572;74,21875
1,335;4,63;73,730469
1,336;4,63;74,21875
1,337;4,688;74,21875
1,338;4,747;74,707031
1,339;4,806;74,21875
1,34;4,866;74,707031
1,341;4,926;74,707031
1,342;4,926;74,707031
1,343;4,988;74,707031
1,344;5,047;74,707031
1,345;5,108;74,707031
1,346;5,167;75,683594
1,347;5,226;74,707031
1,348;5,226;75,195312
1,349;5,285;75,195312
1,35;5,344;75,195312
1,351;5,404;75,195312
1,352;5,464;75,195312
1,353;5,525;75,683594
1,354;5,525;75,683594
1,355;5,585;75,683594
1,356;5,645;75,683594
1,357;5,706;76,171875
1,358;5,765;75,683594
1,359;5,826;75,683594
1,36;5,826;76,171875
1,361;5,885;76,171875
1,362;5,945;76,171875
1,363;6,008;76,171875
1,364;6,069;76,171875
1,365;6,069;76,660156
1,366;6,129;76,171875
1,367;6,19;76,660156
1,368;6,252;76,660156
1,369;6,313;76,660156
1,37;6,313;76,660156
1,371;6,372;77,148438
1,372;6,431;77,148438
1,373;6,492;77,148438
1,374;6,552;77,148438
1,375;6,612;77,148438
1,376;6,612;78,125
1,377;6,674;77,148438
1,378;6,735;77,636719
1,379;6,796;78,125
1,38;6,856;77,636719
1,381;6,916;77,636719
1,382;6,975;77,636719
1,383;6,975;77,636719
1,384;7,034;77,636719
1,385;7,093;77,636719
1,386;7,153;78,125
1,387;7,214;78,125
1,388;7,275;78,125
1,389;7,275;78,125
1,39;7,335;81,542969
1,391;7,394;78,125
1,392;7,453;78,125
1,393;7,512;78,613281
1,394;7,512;78,613281
1,395;7,571;79,101562
1,396;7,63;78,613281
1,397;7,689;78,613281
1,398;7,75;79,101562
1,399;7,811;79,589844
1,4;7,811;78,613281
1,401;7,871;78,613281
1,402;7,934;78,613281
1,403;7,993;79,101562
1,404;8,053;79,101562
1,405;8,113;79,101562
1,406;8,113;79,101562
1,407;8,173;79,101562
1,408;8,233;79,101562
1,409;8,293;79,101562
1,41;8,355;78,613281
1,411;8,416;79,101562
1,412;8,477;79,101562
1,413;8,477;79,101562
1,414;8,534;79,101562
1,415;8,594;79,589844
1,416;8,655;79,589844
1,417;8,715;79,101562
1,418;8,715;80,078125
1,419;8,774;79,589844
1,42;8,835;79,589844
1,421;8,897;79,589844
1,422;8,958;79,589844
1,423;9,018;79,589844
1,424;9,018;79,589844
1,425;9,072;79,101562
1,426;9,12;79,589844
1,427;9,155;79,589844
1,428;9,18;79,589844
1,429;9,194;79,589844
1,43;9,194;79,589844
1,431;9,199;79,589844
1,432;9,202;79,589844
1,433;9,209;79,589844
1,434;9,22;79,589844
1,435;9,233;79,589844
1,436;9,233;79,589844
1,437;9,243;79,589844
1,438;9,247;79,589844
1,439;9,246;79,589844
1,44;9,238;79,589844
1,441;9,221;79,589844
1,442;9,221;79,589844
1,443;9,195;80,078125
1,444;9,169;79,589844
1,445;9,148;79,589844
1,446;9,133;79,589844
1,447;9,119;79,101562
1,448;9,119;80,078125
1,449;9,1;79,589844
1,45;9,076;80,078125
1,451;9,043;79,589844
1,452;9,004;79,589844
1,453;8,965;79,589844
1,454;8,965;79,589844
1,455;8,925;79,101562
1,456;8,89;79,589844
1,457;8,86;79,101562
1,458;8,832;79,101562
1,459;8,801;79,101562
1,46;8,788;80,078125
1,461;8,764;79,101562
1,462;8,719;79,101562
1,463;8,672;79,101562
1,464;8,619;79,101562
1,465;8,564;79,101562
1,466;8,564;79,101562
1,467;8,512;80,078125
1,468;8,466;79,101562
1,469;8,424;78,613281
1,47;8,383;78,613281
1,471;8,338;78,613281
1,472;8,338;78,613281
1,473;8,288;79,101562
1,474;8,235;78,613281
1,475;8,178;78,125
1,476;8,12;78,613281
1,477;8,061;79,101562
1,478;8,061;78,613281
1,479;8,006;78,613281
1,48;7,957;78,613281
1,481;7,908;77,636719
1,482;7,86;78,125
1,483;7,809;78,125
1,484;7,809;78,125
1,485;7,754;78,125
1,486;7,698;78,613281
1,487;7,64;78,125
1,488;7,581;78,125
1,489;7,524;78,125
1,49;7,524;78,125
1,491;7,47;78,125
1,492;7,419;79,101562
1,493;7,369;78,125
1,494;7,316;78,125
1,495;7,261;78,125
1,496;7,261;77,636719
1,497;7,206;77,636719
1,498;7,148;77,636719
1,499;7,088;77,636719
1,5;7,028;77,636719
1,501;6,972;77,636719
1,502;6,972;78,125
1,503;6,919;78,613281
1,504;6,866;77,148438
1,505;6,812;77,148438
1,506;6,755;77,636719
1,507;6,698;76,660156
1,508;6,698;78,125
1,509;6,639;77,148438
1,51;6,578;77,148438
1,511;6,519;76,660156
1,512;6,461;76,660156
1,513;6,406;76,660156
1,514;6,353;76,660156
1,515;6,353;76,660156
1,516;6,297;76,660156
1,517;6,24;76,660156
1,518;6,181;76,660156
1,519;6,123;76,660156
1,52;6,123;76,171875
1,521;6,063;76,171875
1,522;6,003;76,660156
1,523;5,946;76,660156
1,524;5,888;76,171875
1,525;5,83;76,171875
1,526;5,83;75,683594
1,527;5,772;76,171875
1,528;5,713;75,683594
1,529;5,654;75,683594
1,53;5,595;76,171875
1,531;5,536;76,660156
1,532;5,476;75,683594
1,533;5,476;75,683594
1,534;5,417;75,683594
1,535;5,357;75,195312
1,536;5,3;75,195312
1,537;5,3;75,195312
1,538;5,242;75,195312
1,539;5,183;75,195312
1,54;5,122;75,195312
1,541;5,061;75,195312
1,542;5,001;74,707031
1,543;5,001;74,707031
1,544;4,941;74,707031
1,545;4,883;74,707031
1,546;4,823;74,707031
1,547;4,765;74,21875
1,548;4,705;74,21875
1,549;4,705;74,21875
1,55;4,645;74,21875
1,551;4,585;74,707031
1,552;4,523;73,242188
1,553;4,461;74,21875
1,554;4,403;73,730469
1,555;4,403;73,730469
1,556;4,345;73,242188
1,557;4,285;73,730469
1,558;4,224;73,730469
1,559;4,164;73,730469
1,56;4,103;73,242188
1,561;4,103;73,242188
1,562;4,042;73,242188
1,563;3,981;73,242188
1,564;3,921;72,753906
1,565;3,861;72,753906
1,566;3,802;72,753906
1,567;3,802;72,265625
1,568;3,744;71,777344
1,569;3,684;72,753906
1,57;3,624;72,265625
1,571;3,563;71,777344
1,572;3,502;71,777344
1,573;3,502;71,777344
1,574;3,443;71,777344
1,575;3,384;72,265625
1,576;3,325;71,289062
1,577;3,267;71,777344
1,578;3,267;70,800781
1,579;3,207;70,800781
1,58;3,147;70,3125
1,581;3,087;70,800781
1,582;3,025;70,3125
1,583;2,964;69,824219
1,584;2,964;69,824219
1,585;2,905;69,335938
1,586;2,846;69,335938
1,587;2,787;68,847656
1,588;2,727;69,335938
1,589;2,668;68,847656
1,59;2,668;68,359375
1,591;2,607;68,359375
1,592;2,545;68,359375
1,593;2,485;68,359375
1,594;2,424;68,359375
1,595;2,366;67,871094
1,596;2,366;67,871094
1,597;2,308;67,382812
1,598;2,248;67,871094
1,599;2,186;67,382812
1,6;2,124;67,382812
1,601;2,124;67,871094
1,602;2,064;67,871094
1,603;2,002;67,382812
1,604;1,941;66,894531
1,605;1,881;69,335938
1,606;1,821;66,894531
1,607;1,762;66,894531
1,608;1,762;66,894531
1,609;1,704;66,894531
1,61;1,644;66,894531
1,611;1,584;66,894531
1,612;1,522;66,894531
1,613;1,462;67,382812
1,614;1,462;66,40625
1,615;1,402;66,894531
1,616;1,341;66,894531
1,617;1,283;66,894531
1,618;1,224;66,894531
1,619;1,224;66,894531
1,62;1,166;66,40625
1,621;1,166;66,894531
1,622;1,166;66,894531
1,623;1,166;67,382812
1,624;1,166;66,894531
1,625;1,166;66,40625
1,626;1,166;66,40625
1,627;1,166;66,894531
1,628;0,76;66,894531
1,629;0,718;66,894531
1,63;0,718;66,40625
1,631;0,679;66,40625
1,632;0,643;66,40625
1,633;0,61;66,894531
1,634;0,585;66,894531
1,635;0,585;67,382812
1,636;0,569;67,382812
1,637;0,56;66,894531
1,638;0,553;67,382812
1,639;0,55;67,382812
1,64;0,548;67,382812
1,641;0,548;67,382812
1,642;0,547;67,382812
1,643;0,547;67,382812
1,644;0,548;67,382812
1,645;0,551;67,871094
1,646;0,56;67,871094
1,647;0,56;67,871094
1,648;0,575;67,871094
1,649;0,595;67,871094
1,65;0,62;67,871094
1,651;0,644;67,871094
1,652;0,668;67,871094
1,653;0,693;68,359375
1,654;0,693;68,359375
1,655;0,718;68,359375
1,656;0,747;68,359375
1,657;0,779;68,847656
1,658;0,813;68,359375
1,659;0,847;68,359375
1,66;0,847;68,359375
1,661;0,881;68,359375
1,662;0,916;68,847656
1,663;0,955;68,359375
1,664;0,992;68,359375
1,665;1,03;68,847656
1,666;1,03;69,335938
1,667;1,072;68,847656
1,668;1,117;68,847656
1,669;1,163;68,847656
1,67;1,211;68,847656
1,671;1,26;69,824219
1,672;1,26;69,335938
1,673;1,309;69,335938
1,674;1,358;69,335938
1,675;1,404;69,824219
1,676;1,451;69,335938
1,677;1,5;69,335938
1,678;1,5;69,824219
1,679;1,55;69,824219
1,68;1,602;69,824219
1,681;1,656;70,3125
1,682;1,71;70,800781
1,683;1,71;69,824219
1,684;1,764;70,800781
1,685;1,818;69,824219
1,686;1,87;69,824219
1,687;1,921;74,21875
1,688;1,972;70,800781
1,689;1,972;70,3125
1,69;2,025;70,3125
1,691;2,079;70,3125
1,692;2,135;70,800781
1,693;2,195;70,800781
1,694;2,251;70,800781
1,695;2,251;70,800781
1,696;2,308;70,800781
1,697;2,36;70,800781
1,698;2,413;71,289062
1,699;2,466;70,800781
1,7;2,52;71,289062
1,701;2,52;71,289062
1,702;2,575;70,800781
1,703;2,631;71,289062
1,704;2,69;71,289062
1,705;2,749;71,777344
1,706;2,807;71,289062
1,707;2,807;71,777344
1,708;2,863;71,777344
1,709;2,919;71,777344
1,71;2,976;71,777344
1,711;3,031;71,777344
1,712;3,087;71,777344
1,713;3,087;71,777344
1,714;3,144;71,777344
1,715;3,204;72,265625
1,716;3,264;72,265625
1,717;3,322;72,265625
1,718;3,322;72,265625
1,719;3,38;72,265625
1,72;3,437;72,265625
1,721;3,494;72,265625
1,722;3,55;72,265625
1,723;3,606;72,753906
1,724;3,606;72,753906
1,725;3,664;72,753906
1,726;3,724;72,753906
1,727;3,782;72,753906
1,728;3,843;73,242188
1,729;3,902;73,730469
1,73;3,902;73,242188
1,731;3,959;73,242188
1,732;4,016;73,242188
1,733;4,074;73,242188
1,734;4,133;73,730469
1,735;4,193;73,242188
1,736;4,193;73,730469
1,737;4,252;73,242188
1,738;4,312;73,730469
1,739;4,372;73,730469
1,74;4,433;73,730469
1,741;4,491;73,730469
1,742;4,549;74,707031
1,743;4,549;74,707031
1,744;4,607;74,21875
1,745;4,666;74,21875
1,746;4,725;74,21875
1,747;4,783;74,21875
1,748;4,783;74,21875
1,749;4,843;74,707031
1,75;4,904;74,707031
1,751;4,964;74,707031
1,752;5,024;74,707031
1,753;5,083;74,707031
1,754;5,083;74,707031
1,755;5,142;75,195312
1,756;5,201;75,195312
1,757;5,26;75,195312
1,758;5,319;75,195312
1,759;5,379;75,195312
1,76;5,379;75,195312
1,761;5,438;75,195312
1,762;5,498;75,683594
1,763;5,557;75,683594
1,764;5,616;75,683594
1,765;5,676;75,683594
1,766;5,676;75,683594
1,767;5,736;75,683594
1,768;5,798;76,171875
1,769;5,857;76,171875
1,77;5,917;76,171875
1,771;5,917;76,171875
1,772;5,978;76,171875
1,773;6,038;76,660156
1,774;6,098;76,171875
1,775;6,158;76,660156
1,776;6,218;76,660156
1,777;6,278;76,660156
1,778;6,313;76,660156
1,779;6,338;76,660156
1,78;6,397;77,148438
1,781;6,457;76,660156
1,782;6,515;77,148438
1,783;6,575;77,148438
1,784;6,575;77,148438
1,785;6,636;77,148438
1,786;6,697;77,148438
1,787;6,759;77,636719
1,788;6,82;77,636719
1,789;6,881;77,636719
1,79;6,881;77,636719
1,791;6,941;77,636719
1,792;7;77,636719
1,793;7,062;78,125
1,794;7,123;77,636719
1,795;7,183;78,125
1,796;7,183;79,101562
1,797;7,242;78,125
1,798;7,304;78,125
1,799;7,363;78,125
1,8;7,423;78,125
1,801;7,482;78,125
1,802;7,482;77,636719
1,803;7,541;78,613281
1,804;7,601;78,125
1,805;7,661;78,613281
1,806;7,721;83,007812
1,807;7,721;78,613281
1,808;7,782;78,613281
1,809;7,843;78,613281
1,81;7,905;78,613281
1,811;7,965;78,613281
1,812;8,025;81,054688
1,813;8,025;78,613281
1,814;8,083;78,613281
1,815;8,142;79,101562
1,816;8,204;79,101562
1,817;8,264;79,101562
1,818;8,324;79,101562
1,819;8,324;79,101562
1,82;8,384;79,589844
1,821;8,446;78,613281
1,822;8,507;79,589844
1,823;8,567;79,589844
1,824;8,567;79,101562
1,825;8,628;79,101562
1,826;8,688;79,101562
1,827;8,748;79,589844
1,828;8,809;79,101562
1,829;8,871;79,589844
1,83;8,871;79,101562
1,831;8,93;79,589844
1,832;8,99;79,589844
1,833;9,048;80,566406
1,834;9,1;79,589844
1,835;9,14;79,589844
1,836;9,14;79,589844
1,837;9,169;79,589844
1,838;9,187;79,589844
1,839;9,196;79,589844
1,84;9,198;79,589844
1,841;9,202;79,101562
1,842;9,211;79,589844
1,843;9,211;79,589844
1,844;9,224;79,589844
1,845;9,236;79,589844
1,846;9,244;79,101562
1,847;9,245;79,589844
1,848;9,245;79,589844
1,849;9,24;79,589844
1,85;9,228;83,007812
1,851;9,206;79,589844
1,852;9,178;79,589844
1,853;9,153;79,589844
1,854;9,153;79,101562
1,855;9,136;79,589844
1,856;9,123;79,589844
1,857;9,107;79,101562
1,858;9,085;80,078125
1,859;9,056;79,589844
1,86;9,019;79,101562
1,861;9,019;79,589844
1,862;8,979;79,589844
1,863;8,938;79,101562
1,864;8,9;79,589844
1,865;8,869;79,589844
1,866;8,841;79,101562
1,867;8,841;79,101562
1,868;8,812;79,101562
1,869;8,778;79,101562
1,87;8,738;79,101562
1,871;8,692;79,101562
1,872;8,64;79,101562
1,873;8,64;79,101562
1,874;8,584;78,613281
1,875;8,531;78,613281
1,876;8,482;79,101562
1,877;8,439;78,613281
1,878;8,398;79,101562
1,879;8,398;79,101562
1,88;8,355;79,101562
1,881;8,31;78,613281
1,882;8,257;78,613281
1,883;8,2;78,125
1,884;8,2;79,101562
1,885;8,14;78,613281
1,886;8,08;79,101562
1,887;8,024;78,613281
1,888;7,973;78,613281
1,889;7,925;78,613281
1,89;7,925;79,589844
1,891;7,877;78,613281
1,892;7,828;78,613281
1,893;7,774;78,125
1,894;7,718;78,125
1,895;7,659;77,636719
1,896;7,614;78,613281
1,897;7,598;78,125
1,898;7,54;78,125
1,899;7,485;77,636719
1,9;7,435;77,636719
1,901;7,386;77,636719
1,902;7,386;77,636719
1,903;7,334;77,636719
1,904;7,28;77,636719
1,905;7,224;78,125
1,906;7,166;77,636719
1,907;7,105;78,125
1,908;7,105;77,636719
1,909;7,045;78,125
1,91;6,985;77,148438
1,911;6,93;77,636719
1,912;6,879;77,636719
1,913;6,827;77,148438
1,914;6,827;77,148438
1,915;6,771;77,636719
1,916;6,712;77,148438
1,917;6,654;77,148438
1,918;6,594;77,636719
1,919;6,533;77,148438
1,92;6,533;77,636719
1,921;6,473;76,660156
1,922;6,414;76,660156
1,923;6,359;76,660156
1,924;6,305;76,660156
1,925;6,305;76,660156
1,926;6,249;76,171875
1,927;6,249;76,660156
1,928;6,249;76,171875
1,929;6,066;76,171875
1,93;6,066;76,171875
1,931;6,007;76,171875
1,932;5,946;76,171875
1,933;5,887;76,660156
1,934;5,825;76,171875
1,935;5,769;76,171875
1,936;5,769;75,683594
1,937;5,711;75,683594
1,938;5,653;76,171875
1,939;5,595;75,683594
1,94;5,534;76,171875
1,941;5,474;75,683594
1,942;5,474;75,683594
1,943;5,415;75,195312
1,944;5,356;75,195312
1,945;5,298;75,195312
1,946;5,238;75,195312
1,947;5,238;74,707031
1,948;5,179;74,707031
1,949;5,121;75,195312
1,95;5,062;74,707031
1,951;5,003;74,707031
1,952;4,944;74,707031
1,953;4,884;74,707031
1,954;4,884;74,707031
1,955;4,823;74,707031
1,956;4,761;75,195312
1,957;4,7;74,21875
1,958;4,64;74,21875
1,959;4,58;74,21875
1,96;4,58;74,21875
1,961;4,522;74,21875
1,962;4,463;73,730469
1,963;4,404;74,21875
1,964;4,344;73,730469
1,965;4,344;73,242188
1,966;4,282;73,242188
1,967;4,221;74,21875
1,968;4,157;73,242188
1,969;4,097;73,242188
1,97;4,037;73,242188
1,971;4,037;73,242188
1,972;3,978;72,753906
1,973;3,92;72,753906
1,974;3,86;72,753906
1,975;3,8;73,242188
1,976;3,741;72,753906
1,977;3,741;72,265625
